{"_timestamp":1.7466331529799755e+09,"_runtime":4.8532933,"_step":1,"R²":0.9987410693530765,"_wandb":{"runtime":168},"coverage":100}