{"_wandb":{"runtime":583},"coverage":96.55868499471306,"_timestamp":1.7470603348550718e+09,"_runtime":2.7725659,"_step":2,"R²":0.6567552911750087,"confidence_interval_plot":{"path":"media/images/confidence_interval_plot_2_5be34b0c42a119ffe999.png","format":"png","width":1200,"height":500,"_type":"image-file","sha256":"5be34b0c42a119ffe999a601a18c397718c24b20907726cb7a59a9fcc8bf2f8e","size":205359}}